id,seq,ANN,CNN,LSTM,DT,KNN,LGBM,NB,RF,SVM,XGB
VAE-P3-1-2XF,WKRIAKRLKKRLGRAKLF,1,1,1,1.0,1.0,1.0,1.0,1,0,1
VAE-P3-1-2XS,WKRIAKRLKKRLGRAKLF,0,1,1,1.0,1.0,1.0,1.0,1,0,1
VAE-P3-2-2XF,WKRIAKRLRKKLGRAKLF,0,1,1,1.0,1.0,1.0,1.0,1,0,1
VAE-P3-2-2XS,WKRIAKRLRKKLGRAKLF,0,1,1,1.0,1.0,1.0,1.0,1,0,1
VAE-P3-3-2XF,WKRIAKRLKKKLGRAKLF,1,1,1,1.0,1.0,1.0,1.0,1,1,1
VAE-P3-3-2XS,WKRIAKRLKKKLGRAKLF,1,1,1,1.0,1.0,1.0,1.0,1,0,1
VAE-P3-4-2XF,WKRIAKKLKRKLGRAKLF,1,1,1,1.0,1.0,1.0,1.0,1,0,1
VAE-P3-4-2XS,WKRIAKKLKRKLGRAKLF,1,1,1,1.0,1.0,1.0,1.0,1,1,1
VAE-P3-5-2XF,WKRIARKLKRKLGRAKLF,1,1,1,1.0,1.0,1.0,1.0,1,1,1
VAE-P3-5-2XS,WKRIARKLKRKLGRAKLF,1,1,1,1.0,1.0,1.0,1.0,1,1,0
GAN-P2-1-2X5,RILRKLKKKFLK,1,1,1,0.0,1.0,1.0,0.0,1,1,1
GAN-P2-1-2XF,RILRKLKKKFLK,0,1,1,0.0,1.0,1.0,1.0,1,0,1
GAN-P2-2-2X5,RILRKLRKKFLK,0,1,1,0.0,1.0,1.0,0.0,1,0,1
GAN-P2-2-2XF,RILRKLRKKFLK,0,1,1,0.0,1.0,1.0,0.0,1,0,1
GAN-P2-3-2X5,RILRKLKKRFLK,0,1,1,0.0,1.0,1.0,0.0,1,0,1
GAN-P2-3-2XF,RILRKLKKRFLK,0,1,1,0.0,1.0,1.0,1.0,1,0,1
GAN-P2-4-2X5,RILRKLRKRFLK,0,1,1,0.0,1.0,1.0,0.0,1,1,1
GAN-P2-4-2XF,RILRKLRKRFLK,0,1,1,0.0,1.0,1.0,0.0,0,0,1
