id,label,seq
21504.pdb,1,CIGKCLHSAKKFGKAFVGEILNS
21505.pdb,1,GCGKFCHSAKKFGKAFVGEILNS
21506.pdb,1,GICKFLCSAKKFGKAFVGEILNS
21507.pdb,1,GIGCFLHCAKKFGKAFVGEILNS
21508.pdb,1,GIGKCLHSCKKFGKAFVGEILNS
21509.pdb,1,GIGKFCHSACKFGKAFVGEILNS
21510.pdb,1,GIGKFLCSAKCFGKAFVGEILNS
21511.pdb,1,GIGKFLHCAKKCGKAFVGEILNS
21512.pdb,1,GIGKFLHSCKKFCKAFVGEILNS
21513.pdb,1,GIGKFLHSACKFGCAFVGEILNS
21514.pdb,1,GIGKFLHSAKCFGKCFVGEILNS
21515.pdb,1,GIGKFLHSAKKCGKACVGEILNS
21516.pdb,1,GIGKFLHSAKKFCKAFCGEILNS
21517.pdb,1,GIGKFLHSAKKFGCAFVCEILNS
21518.pdb,1,GIGKFLHSAKKFGKCFVGCILNS
21519.pdb,1,GIGKFLHSAKKFGKACVGECLNS
21520.pdb,1,GIGKFLHSAKKFGKAFCGEICNS
21521.pdb,1,GIGKFLHSAKKFGKAFVCEILCS
21522.pdb,1,GIGKFLHSAKKFGKAFVGCILNC
21543.pdb,1,CIGKFLHCAKKFGKAFVGEILNS
21544.pdb,1,GCGKFLHSCKKFGKAFVGEILNS
21545.pdb,1,GICKFLHSACKFGKAFVGEILNS
21546.pdb,1,GIGCFLHSAKCFGKAFVGEILNS
21547.pdb,1,GIGKCLHSAKKCGKAFVGEILNS
21548.pdb,1,GIGKFCHSAKKFCKAFVGEILNS
21549.pdb,1,GIGKFLCSAKKFGCAFVGEILNS
21550.pdb,1,GIGKFLHCAKKFGKCFVGEILNS
21551.pdb,1,GIGKFLHSCKKFGKACVGEILNS
21552.pdb,1,GIGKFLHSACKFGKAFCGEILNS
21553.pdb,1,GIGKFLHSAKCFGKAFVCEILNS
21554.pdb,1,GIGKFLHSAKKCGKAFVGCILNS
21555.pdb,1,GIGKFLHSAKKFCKAFVGECLNS
21556.pdb,1,GIGKFLHSAKKFGCAFVGEICNS
21557.pdb,1,GIGKFLHSAKKFGKCFVGEILCS
21558.pdb,1,GIGKFLHSAKKFGKACVGEILNC
21504.pdb,1,CIGKCLHSAKKFGKAFVGEILNS
21505.pdb,1,GCGKFCHSAKKFGKAFVGEILNS
21506.pdb,1,GICKFLCSAKKFGKAFVGEILNS
21507.pdb,1,GIGCFLHCAKKFGKAFVGEILNS
21508.pdb,1,GIGKCLHSCKKFGKAFVGEILNS
21509.pdb,1,GIGKFCHSACKFGKAFVGEILNS
21510.pdb,1,GIGKFLCSAKCFGKAFVGEILNS
21511.pdb,1,GIGKFLHCAKKCGKAFVGEILNS
21512.pdb,1,GIGKFLHSCKKFCKAFVGEILNS
21513.pdb,1,GIGKFLHSACKFGCAFVGEILNS
21514.pdb,1,GIGKFLHSAKCFGKCFVGEILNS
21515.pdb,1,GIGKFLHSAKKCGKACVGEILNS
21516.pdb,1,GIGKFLHSAKKFCKAFCGEILNS
21517.pdb,1,GIGKFLHSAKKFGCAFVCEILNS
21518.pdb,1,GIGKFLHSAKKFGKCFVGCILNS
21519.pdb,1,GIGKFLHSAKKFGKACVGECLNS
21520.pdb,1,GIGKFLHSAKKFGKAFCGEICNS
21521.pdb,1,GIGKFLHSAKKFGKAFVCEILCS
21522.pdb,1,GIGKFLHSAKKFGKAFVGCILNC
21543.pdb,1,CIGKFLHCAKKFGKAFVGEILNS
21544.pdb,1,GCGKFLHSCKKFGKAFVGEILNS
21545.pdb,1,GICKFLHSACKFGKAFVGEILNS
21546.pdb,1,GIGCFLHSAKCFGKAFVGEILNS
21547.pdb,1,GIGKCLHSAKKCGKAFVGEILNS
21548.pdb,1,GIGKFCHSAKKFCKAFVGEILNS
21549.pdb,1,GIGKFLCSAKKFGCAFVGEILNS
21550.pdb,1,GIGKFLHCAKKFGKCFVGEILNS
21551.pdb,1,GIGKFLHSCKKFGKACVGEILNS
21552.pdb,1,GIGKFLHSACKFGKAFCGEILNS
21553.pdb,1,GIGKFLHSAKCFGKAFVCEILNS
21554.pdb,1,GIGKFLHSAKKCGKAFVGCILNS
21555.pdb,1,GIGKFLHSAKKFCKAFVGECLNS
21556.pdb,1,GIGKFLHSAKKFGCAFVGEICNS
21557.pdb,1,GIGKFLHSAKKFGKCFVGEILCS
21558.pdb,1,GIGKFLHSAKKFGKACVGEILNC
